cluster,ce_score
0,1.8707495257258415
1,36.833333015441895
2,0.9108119056775019
3,12.243209891849094
