cluster,ce_score
0,1.4453708
1,19.14
2,6.9272695
3,38.0
