cluster,ce_score
0,0.7889205315454602
1,0.3870126454557619
2,0.5752999784593922
3,0.24079309480631156
